{
    "deepcs": [
        4.301,
        4.1748,
        3.7373,
        10.876,
        6.2844,
        6.9349,
        4.207,
        11.052,
        4.0803,
        3.7528,
        4.512,
        3.8074,
        4.78,
        4.6399,
        5.8695,
        4.305,
        5.4088,
        6.1566,
        3.7714,
        9.7748,
        4.812,
        3.9838,
        5.4935,
        5.33,
        4.4219,
        9.1683,
        6.1068,
        5.8455,
        3.5631,
        6.0274,
        9.519,
        4.5017,
        4.5444,
        4.3308,
        8.578,
        5.6896,
        4.0324,
        4.231,
        4.5623,
        3.4592,
        3.3513,
        9.8885,
        4.6555,
        4.9652,
        5.5088,
        3.7052,
        4.4246,
        4.1135,
        5.2739,
        5.6807,
        4.7575,
        4.2364,
        6.4573,
        5.8564,
        3.7826,
        5.0374,
        7.587,
        6.9047,
        5.4718,
        10.270,
        4.0612,
        4.7097,
        4.4796,
        6.5648,
        14.316,
        6.1888,
        4.302,
        4.6852,
        3.8627,
        7.3174,
        3.526 ,
        4.7681,
        11.535,
        4.0886,
        4.4696,
        3.494,
        5.8685,
        10.837,
        7.6879,
        4.0132,
        4.4536,
        5.8326,
        5.7503,
        6.2448,
        5.5245,
        5.5995,
        10.094,
        6.255,
        13.003,
        4.1403,
        19.307,
        5.917,
        5.218,
        6.7087,
        4.0574,
        7.5482,
        4.725,
        3.5639,
        7.8366,
        4.6595
    ],
    "deepcf": [6.327068465045357, 6.046515885883841, 5.781352959054968, 5.218815894477779, 6.492662505954227, 4.4596741634730295, 5.221937811878936, 5.738736596527697, 5.936973965365136, 6.134445846205777, 5.0191612028185935, 6.051564545328441, 6.210897623129031, 5.897925411382305, 4.968390836785582, 5.710331874558466, 5.183057912257163, 5.50478316001642, 5.1795210929995, 5.036640094648719, 5.032030946631878, 5.6936894590972225, 5.053239403755391, 6.22159138561045, 6.333711528271365, 5.0674750135025395, 4.824091287790371, 5.252265493416582, 6.095850706627599, 4.945637294461122, 5.249578382227182, 5.840255866441987, 5.819221542419675, 6.293283742573903, 5.391638192908128, 5.134757325768827, 5.321463735958196, 5.567160995710058, 6.212514419706178, 6.095378690642615, 5.549296667503726, 4.793636499009626, 5.347510617092163, 5.471431082055242, 5.5197094420395665, 6.036006351644234, 5.521007714726879, 5.134622824585328, 5.362225431617363, 4.933197426783511, 5.3629681697493625, 4.673866834655188, 5.393271627219895, 5.501801609939415, 5.414997933449482, 5.841738713221383, 5.17809320964116, 6.211882384837797, 5.544705565728707, 4.990088688194059, 5.562497679512274, 5.621882870096549, 6.0344061355446055, 6.089288087549906, 5.249770446967081, 5.223142531775793, 6.374924029107022, 5.632834240222662, 6.606500818170576, 4.023214290957717, 5.735150492362125, 5.316626476789411, 4.973876600029828, 5.623788369232053, 5.351481270811444, 5.93845212447486, 5.988451232931298, 4.933188206588032, 5.641288232384799, 5.399138214349851, 5.351765408304451, 6.1540434142028575, 6.348887598158088, 4.619933786372135, 5.815456147787767, 4.376488126346081, 4.460410696900586, 5.867622022702555, 5.553666496988053, 5.8296044191156655, 5.126972686886176, 6.075453262830626, 5.458358878082504, 5.4790271376758355, 5.83516026937008, 5.118434802249632, 5.909093440755834, 4.963278446996811, 5.899007413609789, 5.653396054466598],

    "deepcs_20": [
        4.3312,
        4.1702,
        3.726,
        13.843,
        6.3608,
        6.8843,
        4.6438,
        11.0384,
        3.9659,
        3.7936,
        4.9135,
        3.7631,
        4.9452,
        4.6963,
        5.5357,
        4.2962,
        5.4243,
        6.3938,
        3.7155,
        10.2321,
        4.7376,
        3.8703,
        6.1021,
        5.5669,
        4.4841,
        10.8268,
        6.5309,
        5.8485,
        3.5576,
        6.0805,
        9.8926,
        4.7185,
        4.67,
        4.7097,
        12.2438,
        5.7743,
        4.035,
        4.4948,
        4.5609,
        3.3652,
        3.4073,
        9.9537,
        4.6881,
        5.0726,
        5.6038,
        3.6812,
        4.3746,
        4.087,
        5.2542,
        5.3948,
        4.7426,
        4.2772,
        7.2072,
        10.7963,
        3.825,
        5.3969,
        7.9814,
        7.6078,
        5.4424,
        9.8104,
        3.9985,
        4.7455,
        4.4685,
        6.9811,
        13.6929,
        6.087,
        4.4382,
        4.8145,
        4.0053,
        7.6891,
        3.3567,
        5.2581,
        16.4241,
        4.0882,
        4.3036,
        3.5059,
        5.9624,
        12.6198,
        9.5067,
        3.9868,
        4.4656,
        8.1498,
        6.1846,
        6.3723,
        5.398,
        6.0505,
        10.6547,
        6.4763,
        14.0595,
        4.1625,
        23.5461,
        5.9228,
        5.6275,
        6.6758,
        3.9366,
        7.985,
        4.8592, 
        3.6823,
        7.7758,
        4.6273
    ],
    "deepcf_20": [6.187820892003556, 6.024700244957628, 5.780333056152381, 5.221668731693826, 6.5654187278009575, 4.507281261911908, 5.191187854291351, 5.753163119235739, 6.057462928051088, 6.169321177989765, 5.001232743544573, 5.972248153624104, 6.259694742223753, 5.866041971182457, 4.84141216503945, 5.548497147754299, 5.214698205005654, 5.53157691119788, 5.132606026739408, 4.977370219911846, 5.002316803888075, 5.818581449851872, 4.677628154601799, 6.115925384161475, 6.244474836021681, 4.892946322594848, 4.827079696472157, 5.183373084260147, 6.010646554063581, 4.851841110415794, 4.8644565555646055, 5.7449607110589, 5.772317102648936, 6.27690384945942, 5.383194965328183, 5.150738245435896, 5.205246074253674, 5.439404266886871, 6.079786492851936, 6.129160769548057, 5.577076370762639, 4.554815806925439, 5.387453323729065, 5.438845949531921, 5.4618756957492876, 5.874168701860821, 5.5076118871541615, 5.134719342002099, 5.247814964281339, 5.033923062217447, 5.42017763158005, 4.70074071986075, 5.4182391042138836, 5.433397964342572, 5.36789194023057, 5.671848292497333, 4.675394364618555, 6.088928727171909, 5.605496214158121, 4.97194478020107, 5.504349412949338, 5.762842675792162, 6.0500774023255, 6.172730014123888, 5.208405096306713, 5.153431930403131, 6.124378121672063, 5.271091574397561, 6.631562943504287, 3.9345557332762238, 5.602933397124708, 5.363386670195794, 4.7804775988359784, 5.450306595223867, 5.260150074144747, 5.7428698476067765, 5.826871675353411, 4.868888927244223, 5.581678635040729, 4.990642166971492, 5.277243625931786, 5.963772358497436, 6.350261866003341, 4.561657061707907, 5.955765706833372, 4.329284119325324, 4.4540722937399515, 5.880832756404591, 5.428450010592976, 5.618786971512222, 4.985685789224606, 5.915621315096261, 5.508094143215985, 5.0478738152248095, 5.580097955216412, 5.131372828471349, 5.97837352360935, 4.927782059318623, 5.771950092559235, 5.648748765961442]
}